Feature Id,Importances
Total Service,22.54227498549333
CLTV,16.35740240999734
Monthly Purchase,15.678679361584633
Payment Method,11.668413511462031
Music Product,8.814316474072339
Cluster,6.9443704978850365
CLTV per Purchase,4.492681279169834
Video Product,2.673589213070687
Games Product,2.656629131642701
Education Product,2.5097015759073953
Use MyApp,2.0965170514704257
Device Class,1.8368615851424333
Location,0.9880854451224144
Call Center,0.7404774779794333
